Date,Equity
2018-06-27,1.0
2018-06-28,1.0
2018-06-29,1.0
2018-07-02,1.0
2018-07-03,1.0
2018-07-05,1.0
2018-07-06,1.0
2018-07-09,1.0
2018-07-10,1.0
2018-07-11,1.0
2018-07-12,1.0
2018-07-13,1.0
2018-07-16,1.0
2018-07-17,1.0
2018-07-18,1.0
2018-07-19,1.0
2018-07-20,1.0
2018-07-23,1.0
2018-07-24,1.0
2018-07-25,1.0
2018-07-26,1.0
2018-07-27,1.0
2018-07-30,1.0
2018-07-31,0.9995
2018-08-01,0.9995547196230515
2018-08-02,0.999663757257242
2018-08-03,0.999663757257242
2018-08-06,0.9997732969063227
2018-08-07,0.9998820333315788
2018-08-08,0.9997732969063226
2018-08-09,0.9998820333315787
2018-08-10,1.0001010122267622
2018-08-13,1.000210551875843
2018-08-14,0.99999207499555
2018-08-15,1.0002105518758433
2018-08-16,1.0002105518758433
2018-08-17,1.0003196899130118
2018-08-20,1.0003196899130118
2018-08-21,1.0004293299650708
2018-08-22,1.0004293299650708
2018-08-23,1.0009210535501973
2018-08-24,1.0009210535501973
2018-08-27,1.0010846367893889
2018-08-28,1.0010846367893889
2018-08-29,1.000921044639551
2018-08-30,1.0015767332526828
2018-08-31,1.001412963648209
2018-09-04,1.0015437311440643
2018-09-05,1.0013798126787976
2018-09-06,1.0017083849828168
2018-09-07,1.0020372945531917
2018-09-10,1.0020372945531917
2018-09-11,1.0022007878808257
2018-09-12,1.0022007878808257
2018-09-13,1.0022007878808257
2018-09-14,1.002365495645712
2018-09-17,1.002694326413384
2018-09-18,1.002694326413384
2018-09-19,1.002694326413384
2018-09-20,1.003022439541263
2018-09-21,1.003022439541263
2018-09-24,1.0031871923011724
2018-09-25,1.0031871923011724
2018-09-26,1.0031871923011724
2018-09-27,1.0035158114038896
2018-09-28,1.0035158114038896
2018-10-01,1.0036148601745882
2018-10-02,1.0037790423052575
2018-10-03,1.0037790423052575
2018-10-04,1.0041083291044952
2018-10-05,1.0042725381372926
2018-10-08,1.0042725381372926
2018-10-09,1.0041083201540444
2018-10-10,1.0044376429496666
2018-10-11,1.0046017191239411
2018-10-12,1.0046017191239411
2018-10-15,1.0047677648069913
2018-10-16,1.0049315573099364
2018-10-17,1.0049315573099364
2018-10-18,1.0049315573099364
2018-10-19,1.005096565352305
2018-10-22,1.0054250911150087
2018-10-23,1.0054250911150087
2018-10-24,1.0055908804365008
2018-10-25,1.0057554719656163
2018-10-26,1.00592007247367
2018-10-29,1.00592007247367
2018-10-30,1.00592007247367
2018-10-31,1.0060848328396284
2018-11-01,1.0064149751111633
2018-11-02,1.0064149751111633
2018-11-05,1.0065800642987686
2018-11-06,1.0065800642987686
2018-11-07,1.0067448606874052
2018-11-08,1.0069105715925715
2018-11-09,1.0072406532243707
2018-11-12,1.007075066068994
2018-11-13,1.007240644149376
2018-11-14,1.0070750569954912
2018-11-15,1.007570432797603
2018-11-16,1.0077364909023767
2018-11-19,1.0075704236759033
2018-11-20,1.007900728339499
2018-11-21,1.0082312200674246
2018-11-23,1.0082312200674246
2018-11-26,1.008395955506711
2018-11-27,1.008395955506711
2018-11-28,1.0085610019233426
2018-11-29,1.0087271144230407
2018-11-30,1.008891876864573
2018-12-03,1.008842037665965
2018-12-04,1.0090075614907366
2018-12-06,1.009338325176343
2018-12-07,1.009504480337253
2018-12-10,1.0096694361470628
2018-12-11,1.009504471353487
2018-12-12,1.009835440379199
2018-12-13,1.0100002631357476
2018-12-14,1.010166001357571
2018-12-17,1.010332504101224
2018-12-18,1.010332504101224
2018-12-19,1.0101662944099596
2018-12-20,1.010497637921702
2018-12-21,1.0108293198692928
2018-12-24,1.0109951034218851
2018-12-26,1.0108293108070368
2018-12-27,1.0113269637093092
2018-12-28,1.0114929256070215
2018-12-31,1.0101418083511544
2019-01-02,1.0108677744250794
2019-01-03,1.0173678782127298
2019-01-04,1.0099746576387432
2019-01-07,1.011977246622948
2019-01-08,1.0066353165388062
2019-01-09,1.0072685438963542
2019-01-10,1.0042695958742032
2019-01-11,1.0063489524620017
2019-01-14,1.0085592574453945
2019-01-15,1.0074403980385902
2019-01-16,1.0096971100351495
2019-01-17,1.0089334070972953
2019-01-18,1.0027528840557738
2019-01-22,1.0045648423422717
2019-01-23,1.0021710633209977
2019-01-24,1.0014487017277227
2019-01-25,1.0120568128749008
2019-01-28,1.0157619571146064
2019-01-29,1.0213625556709527
2019-01-30,1.0261435940828776
2019-01-31,1.0295053704218915
2019-02-01,1.0272792786822111
2019-02-04,1.0242134826195457
2019-02-05,1.025385378445436
2019-02-06,1.021528868961962
2019-02-07,1.0253526535427138
2019-02-08,1.0292183482533528
2019-02-11,1.0249986297242453
2019-02-12,1.027353141866534
2019-02-13,1.0235859588361091
2019-02-14,1.0291764074434053
2019-02-15,1.0348699844274853
2019-02-19,1.0482368427482187
2019-02-20,1.0485340392148417
2019-02-21,1.039130155535141
2019-02-22,1.04249333158676
2019-02-25,1.042182088417036
2019-02-26,1.0438820362786192
2019-02-27,1.0397169591714746
2019-02-28,1.0353023369239882
2019-03-01,1.0218976705826675
2019-03-04,1.0212039630627165
2019-03-05,1.0212556085482625
2019-03-06,1.020745990272281
2019-03-07,1.0223767828964505
2019-03-08,1.0313565614254567
2019-03-11,1.0279179332175223
2019-03-12,1.0341908945184546
2019-03-13,1.0394238022725346
2019-03-14,1.0306735331203023
2019-03-15,1.0356201301694419
2019-03-18,1.0366280381140633
2019-03-19,1.0393785993337097
2019-03-20,1.046626810620339
2019-03-21,1.04386578875871
2019-03-22,1.0490059331201922
2019-03-25,1.056880120583378
2019-03-26,1.0524496527287717
2019-03-27,1.050633287568356
2019-03-28,1.0383651081714205
2019-03-29,1.039709152030077
2019-04-01,1.0367161271112533
2019-04-02,1.0394061152570873
2019-04-03,1.0365641945310398
2019-04-04,1.0395228726625674
2019-04-05,1.0388613955422934
2019-04-08,1.0422127700937813
2019-04-09,1.0462983049552388
2019-04-10,1.0497510542072115
2019-04-11,1.0407924959087136
2019-04-12,1.0374357307207567
2019-04-15,1.038026305136676
2019-04-16,1.0300263104350498
2019-04-17,1.0288808237741063
2019-04-18,1.0300258884238838
2019-04-22,1.0307005826073945
2019-04-23,1.0286779236912647
2019-04-24,1.0335286297123913
2019-04-25,1.0344064901704244
2019-04-26,1.0390047343274222
2019-04-29,1.0364398439802363
2019-04-30,1.0385700189844496
2019-05-01,1.0338877844453505
2019-05-02,1.0303712775469742
2019-05-03,1.0406728942008552
2019-05-06,1.039742511380458
2019-05-07,1.0338118768460156
2019-05-08,1.0310765690324641
2019-05-09,1.0317967989232397
2019-05-10,1.0325880983356872
2019-05-13,1.0271940100918469
2019-05-14,1.0312996784715416
2019-05-15,1.0373599010317698
2019-05-16,1.0319508348570599
2019-05-17,1.02301937053862
2019-05-20,1.0156624422324296
2019-05-21,1.0167940824368527
2019-05-22,1.0133699802161567
2019-05-23,1.014465273541808
2019-05-24,1.0143996643164028
2019-05-28,1.010008379187828
2019-05-29,1.0106777815672972
2019-05-30,1.017503625891946
2019-05-31,1.0215095800631038
2019-06-03,1.0145125319738384
2019-06-04,1.035556645830292
2019-06-05,1.040139588561459
2019-06-06,1.047277937399588
2019-06-07,1.0640641207383768
2019-06-10,1.0675808950624015
2019-06-11,1.069049759642752
2019-06-12,1.0656788510112443
2019-06-13,1.073930978974639
2019-06-14,1.067711649271555
2019-06-17,1.0716910863411022
2019-06-18,1.0872624045709725
2019-06-19,1.093265096261585
2019-06-20,1.114056081448035
2019-06-21,1.114879428188673
2019-06-24,1.123090184374927
2019-06-25,1.1114429475706888
2019-06-26,1.1126317841799014
2019-06-27,1.1166733166475342
2019-06-28,1.1194940197433343
2019-07-01,1.1200609497161926
2019-07-02,1.1341715233758607
2019-07-03,1.1402032000491538
2019-07-05,1.133049022795445
2019-07-08,1.124402405424266
2019-07-09,1.1298413912264744
2019-07-10,1.1454852162783753
2019-07-11,1.140820130363834
2019-07-12,1.1496980024763084
2019-07-15,1.1523367154645676
2019-07-16,1.144404111305619
2019-07-17,1.1489701832284598
2019-07-18,1.1597810836714135
2019-07-19,1.1471579195973263
2019-07-22,1.1544174099291857
2019-07-23,1.1569212431979903
2019-07-24,1.1673858863691655
2019-07-25,1.1555655627048724
2019-07-26,1.1634935200255114
2019-07-29,1.1652725305780351
2019-07-30,1.1633936282796378
2019-07-31,1.1452036839868847
2019-08-01,1.1491045913117899
2019-08-02,1.135172339506591
2019-08-05,1.1110706856831554
2019-08-06,1.1266173137432698
2019-08-07,1.137249561961887
2019-08-08,1.1578554029753967
2019-08-09,1.1478108862338523
2019-08-12,1.1441905275309816
2019-08-13,1.1597246934501313
2019-08-14,1.1415012747249562
2019-08-15,1.1440404106706095
2019-08-16,1.154170297807216
2019-08-19,1.1600486776290893
2019-08-20,1.159003523950192
2019-08-21,1.1638827213755336
2019-08-22,1.1598653733048745
2019-08-23,1.1446508030705747
2019-08-26,1.152748484318582
2019-08-27,1.156279442932537
2019-08-28,1.1585825208812262
2019-08-29,1.167217274857974
2019-08-30,1.1654392283760402
2019-09-03,1.1634267084015721
2019-09-04,1.1775412856598615
2019-09-05,1.1834362728910262
2019-09-06,1.1784059772838988
2019-09-09,1.1766520172517625
2019-09-10,1.1709378498520677
2019-09-11,1.1780854552025772
2019-09-12,1.1814375323396293
2019-09-13,1.1744635635661367
2019-09-16,1.1751467684304249
2019-09-17,1.1791934364282117
2019-09-18,1.1778580085142016
2019-09-19,1.181094118247161
2019-09-20,1.177435074186126
2019-09-23,1.1813529345944245
2019-09-24,1.1748553998508526
2019-09-25,1.175850571291813
2019-09-26,1.1744833750447456
2019-09-27,1.16231354306255
2019-09-30,1.163241795683548
2019-10-01,1.1605662500959844
2019-10-02,1.1547174435955905
2019-10-03,1.1663757987647003
2019-10-04,1.1770670995396526
2019-10-07,1.170477575484957
2019-10-08,1.1598503733024117
2019-10-09,1.1704651999707592
2019-10-10,1.1718081264861124
2019-10-11,1.1793480882960028
2019-10-14,1.1837952978861939
2019-10-15,1.1921370154151811
2019-10-16,1.188732725976942
2019-10-17,1.1910237244538935
2019-10-18,1.1822094560630463
2019-10-21,1.1890237624566034
2019-10-22,1.1838611826593144
2019-10-23,1.181785548479111
2019-10-24,1.1975355531863212
2019-10-25,1.2092905777526857
2019-10-28,1.2161443217569814
2019-10-29,1.2072638259565378
2019-10-30,1.2138644937535532
2019-10-31,1.2190885408272745
2019-11-01,1.2345646058765376
2019-11-04,1.2462534312610631
2019-11-05,1.2365518112722906
2019-11-06,1.2355859102223723
2019-11-07,1.230630053060457
2019-11-08,1.2303639523938992
2019-11-11,1.2260364399115955
2019-11-12,1.2310285509802115
2019-11-13,1.23423129402616
2019-11-14,1.2363664157810437
2019-11-15,1.2440146829429117
2019-11-18,1.248503034867363
2019-11-19,1.247618556443842
2019-11-20,1.2406120723164065
2019-11-21,1.2309234204445
2019-11-22,1.2294999576547976
2019-11-25,1.2454409050283395
2019-11-26,1.249782764053592
2019-11-27,1.2548756662931753
2019-11-29,1.2502475658514691
2019-12-02,1.235452681216965
2019-12-03,1.2294642557100925
2019-12-04,1.2375265079804507
2019-12-05,1.242849057061906
2019-12-06,1.2502589509177169
2019-12-09,1.245504736364797
2019-12-10,1.2479432426987889
2019-12-11,1.2659349591067308
2019-12-12,1.281486494493148
2019-12-13,1.2858887312556564
2019-12-16,1.296629186586766
2019-12-17,1.2998092833577177
2019-12-18,1.2982086491075582
2019-12-19,1.3077253656971077
2019-12-20,1.3152369083597493
2019-12-23,1.322187813081948
2019-12-24,1.329415616044315
2019-12-26,1.3428789672417407
2019-12-27,1.3398129842668753
2019-12-30,1.3332756006744675
2019-12-31,1.336601524937295
2020-01-02,1.366394966972484
2020-01-03,1.3597964416883568
2020-01-06,1.3677398967843204
2020-01-07,1.3780415440646074
2020-01-08,1.3810924150690873
2020-01-09,1.3892783420436285
2020-01-10,1.387881265353193
2020-01-13,1.4009253626701401
2020-01-14,1.3986471353972008
2020-01-15,1.3955198131782784
2020-01-16,1.4119602053721105
2020-01-17,1.4197767961956729
2020-01-21,1.421512949797694
2020-01-22,1.4274597916614966
2020-01-23,1.436275983642352
2020-01-24,1.4290332232899365
2020-01-27,1.396094152174426
2020-01-28,1.4164368002084093
2020-01-29,1.414167921085594
2020-01-30,1.4171642603619565
2020-01-31,1.3884473917019367
2020-02-03,1.4041140131535697
2020-02-04,1.4310766888419264
2020-02-05,1.4431315968450573
2020-02-06,1.4539207778332799
2020-02-07,1.4423298387995682
2020-02-10,1.461038099878003
2020-02-11,1.4678009705271795
2020-02-12,1.4819193870958813
2020-02-13,1.4846193250125748
2020-02-14,1.487553639743806
2020-02-18,1.4895619182196889
2020-02-19,1.511964779725428
2020-02-20,1.4999046439306816
2020-02-21,1.4806783769428886
2020-02-24,1.4390317090135987
2020-02-25,1.4067841268867687
2020-02-26,1.412473714207129
2020-02-27,1.371298452175832
2020-02-28,1.3665570602674872
2020-03-02,1.3990552931283526
2020-03-03,1.3865598269634136
2020-03-04,1.415035020319433
2020-03-05,1.4021348202857982
2020-03-06,1.391898727433082
2020-03-09,1.342825068109107
2020-03-10,1.3639018471880047
2020-03-11,1.3423571212073233
2020-03-12,1.272946602348673
2020-03-13,1.298823220451687
2020-03-16,1.2585483020859558
2020-03-17,1.278046017624921
2020-03-18,1.2663287950645705
2020-03-19,1.2610754197577208
2020-03-20,1.261562663614425
2020-03-23,1.261255447591398
2020-03-24,1.2888219277284814
2020-03-25,1.2939993631845659
2020-03-26,1.3052831426307483
2020-03-27,1.297983972164129
2020-03-30,1.3048830672655836
2020-03-31,1.2998999605585584
2020-04-01,1.293995565161075
2020-04-02,1.2986809717659842
2020-04-03,1.2973358567385502
2020-04-06,1.3105349856399569
2020-04-07,1.3096183796153316
2020-04-08,1.3114762188472122
2020-04-09,1.314092514954767
2020-04-13,1.3179510909811434
2020-04-14,1.3235289546289
2020-04-15,1.3211655043387664
2020-04-16,1.3230465290870255
2020-04-17,1.3218101454640308
2020-04-20,1.3209164026231976
2020-04-21,1.3157844073846863
2020-04-22,1.3220930840381202
2020-04-23,1.322489849201267
2020-04-24,1.3241323032446426
2020-04-27,1.3243658367503788
2020-04-28,1.321985543065045
2020-04-29,1.3267651670113476
2020-04-30,1.3234562958280398
2020-05-01,1.3197874484452463
2020-05-04,1.3211550305401436
2020-05-05,1.3231791340881525
2020-05-06,1.3226223143332227
2020-05-07,1.3257103495629246
2020-05-08,1.3274409661648838
2020-05-11,1.3275813509768482
2020-05-12,1.3245318958766876
2020-05-13,1.323566311475887
2020-05-14,1.329409991191034
2020-05-15,1.3289115225978627
2020-05-18,1.333863597310587
2020-05-19,1.3345598093394406
2020-05-20,1.3418700077245347
2020-05-21,1.3331221389668484
2020-05-22,1.3357489230811
2020-05-26,1.3325074250794724
2020-05-27,1.335919672665502
2020-05-28,1.333445971158481
2020-05-29,1.34203523835311
2020-06-01,1.3441867439578314
2020-06-02,1.3469761487797918
2020-06-03,1.3468403061007572
2020-06-04,1.3536251767273682
2020-06-05,1.355130410026418
2020-06-08,1.3608988424217385
2020-06-09,1.3673846879257974
2020-06-10,1.3787340904921557
2020-06-11,1.3476694847620119
2020-06-12,1.3529462845134637
2020-06-15,1.357283610016559
2020-06-16,1.3648013429720587
2020-06-17,1.3689650550774346
2020-06-18,1.368403786640239
2020-06-19,1.3730546011513054
2020-06-22,1.3822686800912267
2020-06-23,1.3890122351618899
2020-06-24,1.3773151593683752
2020-06-25,1.3809561632299172
2020-06-26,1.3714739287689997
2020-06-29,1.3774954281148177
2020-06-30,1.3934844018493582
2020-07-01,1.390795781840525
2020-07-02,1.3988566487535958
2020-07-06,1.4164058079365027
2020-07-07,1.4140636614181512
2020-07-08,1.4254169144706952
2020-07-09,1.4317854607651042
2020-07-10,1.4318590651292897
2020-07-13,1.4216963856485014
2020-07-14,1.4322560786802776
2020-07-15,1.4313192079369879
2020-07-16,1.4246435624517861
2020-07-17,1.431286755948098
2020-07-20,1.4494428956117118
2020-07-21,1.4508733662810904
2020-07-22,1.4628178100811537
2020-07-23,1.4540963279090742
2020-07-24,1.4533065064429613
2020-07-27,1.4830960025635203
2020-07-28,1.4757844526935948
2020-07-29,1.4914873314267219
2020-07-30,1.4916121484373182
2020-07-31,1.5004982104630593
2020-08-03,1.5116393821579692
2020-08-04,1.5278525566745396
2020-08-05,1.5337783270432654
2020-08-06,1.5450741131129575
2020-08-07,1.5289410804465278
2020-08-10,1.5254517773614742
2020-08-11,1.4818298286471063
2020-08-12,1.4989659918693268
2020-08-13,1.5072847105867235
2020-08-14,1.5052182219345978
2020-08-17,1.5229791527141545
2020-08-18,1.529016706754896
2020-08-19,1.5105924372356783
2020-08-20,1.5147752592657446
2020-08-21,1.5165559712528436
2020-08-24,1.5184171375600393
2020-08-25,1.526229885714276
2020-08-26,1.5415592622199545
2020-08-27,1.5301786217134783
2020-08-28,1.544382151695857
2020-08-31,1.5469694284117035
2020-09-01,1.5619878973114565
2020-09-02,1.5687838472540028
2020-09-03,1.5262761390253483
2020-09-04,1.5186665639510066
2020-09-08,1.4892737866730599
2020-09-09,1.5084173555170934
2020-09-10,1.4978981400431308
2020-09-11,1.4950893278593527
2020-09-14,1.507724690052061
2020-09-15,1.5163761212802278
2020-09-16,1.5091079478318012
2020-09-17,1.5025943641821498
2020-09-18,1.495279913846684
2020-09-21,1.4912280000206426
2020-09-22,1.4970744749461564
2020-09-23,1.4755886820770818
2020-09-24,1.4795044323868687
2020-09-25,1.4885530779475467
2020-09-28,1.5033358638059708
2020-09-29,1.5055668941606104
2020-09-30,1.5058338390373867
2020-10-01,1.5205449047534687
2020-10-02,1.5020634821043928
2020-10-05,1.5192173744696482
2020-10-06,1.5070427638132502
2020-10-07,1.518055446189384
2020-10-08,1.5236212941148266
2020-10-09,1.5386092703112328
2020-10-12,1.5543384963401865
2020-10-13,1.549082453718461
2020-10-14,1.545280481257863
2020-10-15,1.5431934611664648
2020-10-16,1.538879440125161
2020-10-19,1.5308708604459944
2020-10-20,1.5337768308645514
2020-10-21,1.534014532581974
2020-10-22,1.5312150443897585
2020-10-23,1.5313938864430452
2020-10-26,1.519993224086729
2020-10-27,1.5229989156642172
2020-10-28,1.4957749596524554
2020-10-29,1.5060750710066406
2020-10-30,1.4947770617763994
2020-11-02,1.5000529422357907
2020-11-03,1.513003472382003
2020-11-04,1.5406731490334629
2020-11-05,1.5671507527563968
2020-11-06,1.5715290035952665
2020-11-09,1.548463301945431
2020-11-10,1.536471703594913
2020-11-11,1.5510352404784251
2020-11-12,1.5485617596492192
2020-11-13,1.5566645514210375
2020-11-16,1.5653655279795708
2020-11-17,1.56105870055653
2020-11-18,1.5561410731223362
2020-11-19,1.5618634531675386
2020-11-20,1.5594156005536712
2020-11-23,1.5573699039996989
2020-11-24,1.5593146603765888
2020-11-25,1.5616417100510738
2020-11-27,1.5654055719630608
2020-11-30,1.566698177173706
2020-12-01,1.5819528272305965
2020-12-02,1.584964639207859
2020-12-03,1.5874016809365235
2020-12-04,1.5974808781882888
2020-12-07,1.6050685133541398
2020-12-08,1.607673071399733
2020-12-09,1.584240402262013
2020-12-10,1.5859941313026593
2020-12-11,1.583744845213087
2020-12-14,1.5883392167804333
2020-12-15,1.6009107497120771
2020-12-16,1.6047509346551097
2020-12-17,1.6102710827508055
2020-12-18,1.6075748263954577
2020-12-21,1.6051502738140189
2020-12-22,1.604130912798086
2020-12-23,1.6007065906979856
2020-12-24,1.6067859028265894
2020-12-28,1.6108623094587768
2020-12-29,1.6115684140740383
2020-12-30,1.61922117668566
2020-12-31,1.6228466416692946
2021-01-04,1.6182717610692956
2021-01-05,1.631066862049642
2021-01-06,1.617487084487912
2021-01-07,1.6517898487713742
2021-01-08,1.6522480012248175
2021-01-11,1.6457753918629394
2021-01-12,1.6485347906649144
2021-01-13,1.651462493012878
2021-01-14,1.6583836553614084
2021-01-15,1.639506392973841
2021-01-19,1.6699955721026916
2021-01-20,1.6910898951648925
2021-01-21,1.7056174093774719
2021-01-22,1.6929726259083129
2021-01-25,1.7021177975553596
2021-01-26,1.6953760678965721
2021-01-27,1.6515412838262364
2021-01-28,1.662721795518808
2021-01-29,1.642665738601449
2021-02-01,1.6745095399590306
2021-02-02,1.6870108433958564
2021-02-03,1.6777503656973922
2021-02-04,1.6856283508623058
2021-02-05,1.6868316563393753
2021-02-08,1.704255817276701
2021-02-09,1.7038986594737777
2021-02-10,1.7042255902707188
2021-02-11,1.7201634388181937
2021-02-12,1.7267270535265782
2021-02-16,1.7231943461196706
2021-02-17,1.7107190564320924
2021-02-18,1.702846596003676
2021-02-19,1.7077459438460791
2021-02-22,1.6791269508831952
2021-02-23,1.6738485111025354
2021-02-24,1.687848994291519
2021-02-25,1.645229110687485
2021-02-26,1.65015650489174
2021-03-01,1.6733781569211104
2021-03-02,1.6585615995833753
2021-03-03,1.6351510004314762
2021-03-04,1.6141372638812606
2021-03-05,1.628383452851122
2021-03-08,1.602119359391068
2021-03-09,1.6352441184826685
2021-03-10,1.630721495897422
2021-03-11,1.6485323146434219
2021-03-12,1.6423803751975619
2021-03-15,1.6518332772089486
2021-03-16,1.6559827384460812
2021-03-17,1.6602348766530335
2021-03-18,1.637880329513401
2021-03-19,1.6425683136050173
2021-03-22,1.6542734517065159
2021-03-23,1.6470715862391996
2021-03-24,1.6378701483318696
2021-03-25,1.6377570123209306
2021-03-26,1.6540239588723766
2021-03-29,1.6494821425704476
2021-03-30,1.644836162956325
2021-03-31,1.6585551823887033
2021-04-01,1.6776985004912932
2021-04-05,1.6909903739114862
2021-04-06,1.6876676893785703
2021-04-07,1.6881871517907314
2021-04-08,1.6979400459956746
2021-04-09,1.6996018496916117
2021-04-12,1.6956272344978378
2021-04-13,1.7011834580197336
2021-04-14,1.6929998163077846
2021-04-15,1.7047477380162517
2021-04-16,1.704912051065268
2021-04-19,1.6943183526337338
2021-04-20,1.687605269658199
2021-04-21,1.6989975435772047
2021-04-22,1.6878940930119295
2021-04-23,1.6989637732657332
2021-04-26,1.7067818990672712
2021-04-27,1.7025936255590794
2021-04-28,1.6964316049163422
2021-04-29,1.7006497742927131
2021-04-30,1.688929532505121
2021-05-03,1.6838707231123715
2021-05-04,1.6705806792468543
2021-05-05,1.6701072577888445
2021-05-06,1.6790162452701893
2021-05-07,1.6889363072035473
2021-05-10,1.6585520556336248
2021-05-11,1.6588068859007685
2021-05-12,1.6295358613594833
2021-05-13,1.6376542045102376
2021-05-14,1.6593102692776276
2021-05-17,1.6535805961531032
2021-05-18,1.6481707694874588
2021-05-19,1.6542486203080742
2021-05-20,1.673211737690315
2021-05-21,1.6687284947807173
2021-05-24,1.685265951331776
2021-05-25,1.6885188580135804
2021-05-26,1.6912571067363893
2021-05-27,1.6904052623044068
2021-05-28,1.6959776737893546
2021-06-01,1.693488900603468
2021-06-02,1.6969623279227688
2021-06-03,1.6828926281195595
2021-06-04,1.7024705517979652
2021-06-07,1.7028021777687907
2021-06-08,1.700490736494419
2021-06-09,1.7000820511197137
2021-06-10,1.7116625378679917
2021-06-11,1.7135306131446173
2021-06-14,1.723693526067428
2021-06-15,1.7163550468958995
2021-06-16,1.7095765442347532
2021-06-17,1.7193215621128033
2021-06-18,1.7051903777274258
2021-06-21,1.7106706900458666
2021-06-22,1.7190195501874257
2021-06-23,1.7211233607722365
2021-06-24,1.7311602535944322
2021-06-25,1.729276794468516
2021-06-28,1.7461782365840728
2021-06-29,1.751237789819929
2021-06-30,1.7515305944136024
2021-07-01,1.7463310064209894
2021-07-02,1.7568320667256712
2021-07-06,1.7603117472771466
2021-07-07,1.7570313018439534
2021-07-08,1.7481823245107195
2021-07-09,1.7597453370192904
2021-07-12,1.7695823849397656
2021-07-13,1.768255855894108
2021-07-14,1.7700990096167475
2021-07-15,1.7484399517899734
2021-07-16,1.729287061807886
2021-07-19,1.7215360007500018
2021-07-20,1.739411551468902
2021-07-21,1.761354158244995
2021-07-22,1.7660955521215
2021-07-23,1.781097621753926
2021-07-26,1.7817647315295608
2021-07-27,1.7612488347444353
2021-07-28,1.773623777533022
2021-07-29,1.7861739472901044
2021-07-30,1.7826329382781896
2021-08-02,1.786467187564258
2021-08-03,1.7987441627852385
2021-08-04,1.8069228447282242
2021-08-05,1.8125730348848212
2021-08-06,1.8017279516022604
2021-08-09,1.800101874910898
2021-08-10,1.7869440505638763
2021-08-11,1.7844271699148575
2021-08-12,1.7822616693787845
2021-08-13,1.7913506235082675
2021-08-16,1.7891479794809073
2021-08-17,1.7663484460652243
2021-08-18,1.7476283251395692
2021-08-19,1.757358708335805
2021-08-20,1.7713663141554927
2021-08-23,1.8067816728022232
2021-08-24,1.8109003565689068
2021-08-25,1.8170719954941825
2021-08-26,1.8106953657099414
2021-08-27,1.8346263653456918
2021-08-30,1.8491594949486139
2021-08-31,1.8437229356180072
2021-09-01,1.8447070034189954
2021-09-02,1.8448117863505802
2021-09-03,1.854283097681046
2021-09-07,1.8494596975504731
2021-09-08,1.8396214108203588
2021-09-09,1.8375177282765507
2021-09-10,1.8326826571016386
2021-09-13,1.8367973103669817
2021-09-14,1.834831007857286
2021-09-15,1.8447158538494557
2021-09-16,1.8416648415481494
2021-09-17,1.8150425669915393
2021-09-20,1.777468866651409
2021-09-21,1.780833210118484
2021-09-22,1.8000864695389367
2021-09-23,1.8142378742484073
2021-09-24,1.8133839126496676
2021-09-27,1.8026123537307217
2021-09-28,1.7442748074024972
2021-09-29,1.7352434823648446
2021-09-30,1.7331273750055736
2021-10-01,1.740742080416178
2021-10-04,1.7054435952393325
2021-10-05,1.7244738742887167
2021-10-06,1.7320679259110099
2021-10-07,1.7459935767083037
2021-10-08,1.7363461700933698
2021-10-11,1.7258458567124806
2021-10-12,1.718807313387232
2021-10-13,1.7315322724253446
2021-10-14,1.762829338119875
2021-10-15,1.7702439514652473
2021-10-18,1.7826331753346412
2021-10-19,1.7945688706989678
2021-10-20,1.7922149183344236
2021-10-21,1.8029852562691449
2021-10-22,1.7914477610000352
2021-10-25,1.803745321986945
2021-10-26,1.8083600764278953
2021-10-27,1.807244598030276
2021-10-28,1.8270801713762361
2021-10-29,1.8323028469147573
2021-11-01,1.8412014161172952
2021-11-02,1.8501935862890657
2021-11-03,1.8640688333585964
2021-11-04,1.8970652949171611
2021-11-05,1.9034510361834283
2021-11-08,1.9107096317362056
2021-11-09,1.9063131103751738
2021-11-10,1.8796956619861473
2021-11-11,1.8903555398272804
2021-11-12,1.9037660259190476
2021-11-15,1.9027662747463268
2021-11-16,1.9142986979056251
2021-11-17,1.9126417562891471
2021-11-18,1.9331011130080453
2021-11-19,1.9403660172803423
2021-11-22,1.9208710742666366
2021-11-23,1.9127341070048218
2021-11-24,1.9210253803667796
2021-11-26,1.8865957760768781
2021-11-29,1.924536955097386
2021-11-30,1.9023187955391294
2021-12-01,1.8874951356565055
2021-12-02,1.8947137469998994
2021-12-03,1.8756718317288539
2021-12-06,1.8806006679880758
2021-12-07,1.9251089670937942
2021-12-08,1.9264885943520256
2021-12-09,1.9055152199963026
2021-12-10,1.9163202491239524
2021-12-13,1.896007523425136
2021-12-14,1.8853797824739682
2021-12-15,1.9169257991190192
2021-12-16,1.88471551583397
2021-12-17,1.8797744843623845
2021-12-20,1.87062801504724
2021-12-21,1.896207266112882
2021-12-22,1.9082835155119513
2021-12-23,1.915704489027155
2021-12-27,1.9342391827581484
2021-12-28,1.9285449471049851
2021-12-29,1.9283243380563726
2021-12-30,1.923195367777873
2021-12-31,1.9184960822125146
2022-01-03,1.9290582366408955
2022-01-04,1.9201812720566236
2022-01-05,1.8919022321980625
2022-01-06,1.893586279474715
2022-01-07,1.8786110753295793
2022-01-10,1.8795866309446376
2022-01-11,1.89422421226334
2022-01-12,1.8987382275815956
2022-01-13,1.8804147092549326
2022-01-14,1.8885683158701452
2022-01-18,1.8630930924856013
2022-01-19,1.8515142984771602
2022-01-20,1.8368054366923154
2022-01-21,1.818072809737689
2022-01-24,1.8237478966918268
2022-01-25,1.8021207700645452
2022-01-26,1.8040006347058162
2022-01-27,1.7856556577852116
2022-01-28,1.8048220398693964
2022-01-31,1.8325049235532511
2022-02-01,1.832427016181704
2022-02-02,1.832505499662207
2022-02-03,1.832505499662207
2022-02-04,1.8323386367529195
2022-02-07,1.8323386367529195
2022-02-08,1.8324228465739543
2022-02-09,1.8323381025328564
2022-02-10,1.8323381025328564
2022-02-11,1.8323381025328564
2022-02-14,1.8322478669734665
2022-02-15,1.8324369998157577
2022-02-16,1.8324369998157577
2022-02-17,1.8323419690370248
2022-02-18,1.8324418186620777
2022-02-22,1.8324418186620777
2022-02-23,1.8323398621450036
2022-02-24,1.8323398621450036
2022-02-25,1.8323398621450036
2022-02-28,1.831371745619775
2022-03-01,1.8494769359242864
2022-03-02,1.8391398278716922
2022-03-03,1.8448803192435594
2022-03-04,1.8602944279317999
2022-03-07,1.8751601459202865
2022-03-08,1.9024845955451921
2022-03-09,1.8733472614795896
2022-03-10,1.8761371665830344
2022-03-11,1.8692861148959785
2022-03-14,1.8555333623862669
2022-03-15,1.8378419808240076
2022-03-16,1.8438960270642617
2022-03-17,1.848212828956529
2022-03-18,1.83924090176608
2022-03-21,1.8473669709501257
2022-03-22,1.8397645583693951
2022-03-23,1.8536417921252994
2022-03-24,1.862232333035565
2022-03-25,1.8579629915301141
2022-03-28,1.8369107138517122
2022-03-29,1.8369107138517122
2022-03-30,1.8472140682363205
2022-03-31,1.848420085563483
2022-04-01,1.8370478636073961
2022-04-04,1.8465855684333667
2022-04-05,1.830870622625673
2022-04-06,1.8291520371276468
2022-04-07,1.8332251423426678
2022-04-08,1.835787819264098
2022-04-11,1.8362659572602298
2022-04-12,1.8440562073242202
2022-04-13,1.8540780684811184
2022-04-14,1.8444695639685942
2022-04-18,1.851406351686043
2022-04-19,1.8388062069825293
2022-04-20,1.8440197034443904
2022-04-21,1.8349336462593002
2022-04-22,1.8201732612649537
2022-04-25,1.8048921004819816
2022-04-26,1.799120480483614
2022-04-27,1.7902128184971062
2022-04-28,1.8060277223038024
2022-04-29,1.7978751668621882
2022-05-02,1.78416864687136
2022-05-03,1.7882623484778137
2022-05-04,1.8056944930519567
2022-05-05,1.7914271834271505
2022-05-06,1.7915153312248038
2022-05-09,1.76088452245997
2022-05-10,1.7548088708290286
2022-05-11,1.7597140256348145
2022-05-12,1.7397195176432794
2022-05-13,1.7420370725174232
2022-05-16,1.7502376981977603
2022-05-17,1.752977460986845
2022-05-18,1.7429155396581637
2022-05-19,1.76197273557514
2022-05-20,1.7628190223753994
2022-05-23,1.7718124411944918
2022-05-24,1.7758101056723379
2022-05-25,1.7718144823728519
2022-05-26,1.7779019351435743
2022-05-27,1.7892061060310487
2022-05-31,1.7720056993783766
2022-06-01,1.7720237003148331
2022-06-02,1.7723942478199926
2022-06-03,1.772015202072733
2022-06-06,1.772204613083796
2022-06-07,1.7720145286330036
2022-06-08,1.7722049734785437
2022-06-09,1.7723956177776874
2022-06-10,1.7720102414815742
2022-06-13,1.7722064378367397
2022-06-14,1.7720087635888047
2022-06-15,1.7722085330608912
2022-06-16,1.7726139926667346
2022-06-17,1.7724104414247863
2022-06-21,1.7728220731928823
2022-06-22,1.773033521826419
2022-06-23,1.773033521826419
2022-06-24,1.7725906044524629
2022-06-27,1.7725906044524629
2022-06-28,1.773066323268144
2022-06-29,1.7733083140420751
2022-06-30,1.7735591981524668
2022-07-01,1.7733820312182982
2022-07-05,1.7733820312182982
2022-07-06,1.7733820312182982
2022-07-07,1.7733820312182982
2022-07-08,1.7730908117851658
2022-07-11,1.7733820152754947
2022-07-12,1.7730907958449804
2022-07-13,1.7730907958449804
2022-07-14,1.7733819993326914
2022-07-15,1.773090779904795
2022-07-18,1.773090779904795
2022-07-19,1.773090779904795
2022-07-20,1.773090779904795
2022-07-21,1.7739636145070938
2022-07-22,1.7742553830799925
2022-07-25,1.7739635985128601
2022-07-26,1.7739635985128601
2022-07-27,1.7739635985128601
2022-07-28,1.7742553670831283
2022-07-29,1.7745455996020745
2022-08-01,1.77475022209674
2022-08-02,1.7750407402929693
2022-08-03,1.7747502062463196
2022-08-04,1.7753330535217056
2022-08-05,1.7759149296811234
2022-08-08,1.7762062876717755
2022-08-09,1.775914913749393
2022-08-10,1.7762062717374314
2022-08-11,1.7762062717374314
2022-08-12,1.7767895371150146
2022-08-15,1.7764986489034063
2022-08-16,1.7767895212389666
2022-08-17,1.7767895212389666
2022-08-18,1.7779546268590374
2022-08-19,1.7779546268590374
2022-08-22,1.7782458374761436
2022-08-23,1.7776639021832323
2022-08-24,1.7785385217603258
2022-08-25,1.7788292464760234
2022-08-26,1.7788292464760234
2022-08-29,1.7788292464760234
2022-08-30,1.7791215404087302
2022-08-31,1.779704347916688
2022-09-01,1.7802584768481733
2022-09-02,1.7805508490352446
2022-09-06,1.7805508490352446
2022-09-07,1.7808429782462134
2022-09-08,1.781427268617118
2022-09-09,1.781427268617118
2022-09-12,1.7811345734433823
2022-09-13,1.7817201907348221
2022-09-14,1.7817201907348221
2022-09-15,1.7825957340037133
2022-09-16,1.7825957340037133
2022-09-19,1.7825957340037133
2022-09-20,1.782304529335115
2022-09-21,1.7828894976025205
2022-09-22,1.7840561938933943
2022-09-23,1.7840561938933943
2022-09-26,1.7834725889838674
2022-09-27,1.7843491964788922
2022-09-28,1.7846417923874462
2022-09-29,1.7852259794756795
2022-09-30,1.7852259794756795
2022-10-03,1.7844937219075472
2022-10-04,1.7853730883268415
2022-10-05,1.7853730883268415
2022-10-06,1.7859586512316463
2022-10-07,1.7859586512316463
2022-10-10,1.786250816581518
2022-10-11,1.786250816581518
2022-10-12,1.786250816581518
2022-10-13,1.7871299529792528
2022-10-14,1.7871299529792528
2022-10-17,1.7871299529792528
2022-10-18,1.7871299529792528
2022-10-19,1.7871299529792528
2022-10-20,1.7883006848608425
2022-10-21,1.7885945339729838
2022-10-24,1.7883006687677543
2022-10-25,1.7883006687677543
2022-10-26,1.7888875889220275
2022-10-27,1.7897668982212116
2022-10-28,1.7894729688359996
2022-10-31,1.7894729688359996
2022-11-01,1.7897077362942182
2022-11-02,1.7905895147293882
2022-11-03,1.7914716973981741
2022-11-04,1.7920587046926444
2022-11-07,1.7917649094587695
2022-11-08,1.7920586886356786
2022-11-09,1.7935287029375835
2022-11-10,1.7938212804209537
2022-11-11,1.793528687029972
2022-11-14,1.793528687029972
2022-11-15,1.794116438064998
2022-11-16,1.7944093071343412
2022-11-17,1.7952908182927894
2022-11-18,1.7952908182927894
2022-11-21,1.7955855690871834
2022-11-22,1.796175102933892
2022-11-23,1.7967626234061984
2022-11-25,1.7967626234061984
2022-11-28,1.7970571949543788
2022-11-29,1.7979388796676734
2022-11-30,1.795241971348172
2022-12-01,1.8270545171018646
2022-12-02,1.8238331096415739
2022-12-05,1.7952607724172174
2022-12-06,1.8028798106439625
2022-12-07,1.8199332362215175
2022-12-08,1.825166575172384
2022-12-09,1.831422451974076
2022-12-12,1.8207906030459327
2022-12-13,1.849812545812559
2022-12-14,1.8456282781924198
2022-12-15,1.8217115689100822
2022-12-16,1.8292707806532846
2022-12-19,1.8091394967979997
2022-12-20,1.821145192678472
2022-12-21,1.8231103065400707
2022-12-22,1.8006961633645644
2022-12-23,1.8011978885733437
2022-12-27,1.8013746518121108
2022-12-28,1.7992554204272464
2022-12-29,1.8133240635704049
2022-12-30,1.817525009568406
2023-01-03,1.826417589624797
2023-01-04,1.8507647666022407
2023-01-05,1.8360683320440703
2023-01-06,1.8756456789672857
2023-01-09,1.8849782443612288
2023-01-10,1.8864322001614444
2023-01-11,1.8975264524011306
2023-01-12,1.9220504182305513
2023-01-13,1.9349962290648348
2023-01-17,1.9337612466138696
2023-01-18,1.9306310799769242
2023-01-19,1.9577517684838222
2023-01-20,1.9542053120823029
2023-01-23,1.9515479135762237
2023-01-24,1.9573748611344195
2023-01-25,1.9610585671042888
2023-01-26,1.9503400654113021
2023-01-27,1.9517512272704685
2023-01-30,1.9498264887739867
2023-01-31,1.9558680115835103
2023-02-01,1.9926042059654676
2023-02-02,1.9780002384890452
2023-02-03,1.9349984648371943
2023-02-06,1.9260931461208997
2023-02-07,1.9355024937661647
2023-02-08,1.931633948834122
2023-02-09,1.920703241782147
2023-02-10,1.9172677209724753
2023-02-13,1.914354529793622
2023-02-14,1.9220006964830287
2023-02-15,1.902394487816864
2023-02-16,1.8904842671231425
2023-02-17,1.885162469199492
2023-02-21,1.858405543994122
2023-02-22,1.8571659459083285
2023-02-23,1.8659539704341872
2023-02-24,1.8470371350541892
2023-02-27,1.854954109833833
2023-02-28,1.8598153029926454
2023-03-01,1.8637176945405245
2023-03-02,1.8684774252607854
2023-03-03,1.8909192529538195
2023-03-06,1.8804022480464648
2023-03-07,1.8562862797157405
2023-03-08,1.8657810673699398
2023-03-09,1.8637216164775372
2023-03-10,1.8774551601467084
2023-03-13,1.9088531445550385
2023-03-14,1.9213150395343515
2023-03-15,1.9245886887205306
2023-03-16,1.9478664548362519
2023-03-17,1.9720221768716262
2023-03-20,1.9801749533563506
2023-03-21,1.964586683004996
2023-03-22,1.9754309227662976
2023-03-23,2.0043899056631345
2023-03-24,1.9900558986738157
2023-03-27,1.9745553117345516
2023-03-28,1.979297153809584
2023-03-29,1.9914213453325833
2023-03-30,2.0116905102331937
2023-03-31,2.014582592328744
2023-04-03,2.0172005015062395
2023-04-04,2.026206289485506
2023-04-05,2.0118957220072455
2023-04-06,2.0106160850079187
2023-04-10,2.0091082053683293
2023-04-11,2.008478681877136
2023-04-12,1.9994697890503197
2023-04-13,2.0291331373845263
2023-04-14,2.0067818606165173
2023-04-17,1.998654035669631
2023-04-18,2.002484123983386
2023-04-19,1.9875457160014642
2023-04-20,1.9887450361465757
2023-04-21,1.9743152451630333
2023-04-24,1.977793115742523
2023-04-25,1.9554116669860515
2023-04-26,1.9555047770036922
2023-04-27,1.9778451740356762
2023-04-28,1.993134047352433
2023-05-01,1.9883044852302862
2023-05-02,2.000633679381665
2023-05-03,1.9994509609588376
2023-05-04,2.0019233445418654
2023-05-05,2.014587032158136
2023-05-08,2.0188396017632475
2023-05-09,2.011724887538971
2023-05-10,2.0239589779142197
2023-05-11,2.0113382454256437
2023-05-12,2.004225068530422
2023-05-15,2.02875898584385
2023-05-16,2.014550619176232
2023-05-17,2.034620654206793
2023-05-18,2.0512402547290227
2023-05-19,2.0548827005776324
2023-05-22,2.052560954830726
2023-05-23,2.0307683043416604
2023-05-24,2.006161322850985
2023-05-25,2.0700460345197427
2023-05-26,2.1208570953538413
2023-05-30,2.136521443880079
2023-05-31,2.120995087824685
2023-06-01,2.147973311940042
2023-06-02,2.140694266027454
2023-06-05,2.138382255534855
2023-06-06,2.1443068627865247
2023-06-07,2.1144428289422303
2023-06-08,2.141353746507793
2023-06-09,2.1450198054564544
2023-06-12,2.174436075841421
2023-06-13,2.1816009029420496
2023-06-14,2.198093343662818
2023-06-15,2.211614666761873
2023-06-16,2.201684355805049
2023-06-20,2.1907542217333127
2023-06-21,2.165964378105
2023-06-22,2.170014980046033
2023-06-23,2.154785937469003
2023-06-26,2.1445735598920317
2023-06-27,2.170647587575121
2023-06-28,2.1663888562070066
2023-06-29,2.1610948268160284
2023-06-30,2.1857781279666275
2023-07-03,2.1958891869793487
2023-07-05,2.1828284030216545
2023-07-06,2.165159854959105
2023-07-07,2.1638519331048736
2023-07-10,2.172417686049922
2023-07-11,2.179640365712662
2023-07-12,2.211606500376499
2023-07-13,2.242474212887636
2023-07-14,2.2339666884300056
2023-07-17,2.252718608240676
2023-07-18,2.268788676476685
2023-07-19,2.2643473657187814
2023-07-20,2.2234024169882045
2023-07-21,2.2220496250718345
2023-07-24,2.222208256120361
2023-07-25,2.2372662008296818
2023-07-26,2.232018678715035
2023-07-27,2.2270081386169664
2023-07-28,2.2598539007650653
2023-07-31,2.262187018812261
2023-08-01,2.2544659715807467
2023-08-02,2.2073454806474304
2023-08-03,2.199594200524253
2023-08-04,2.199201615239978
2023-08-07,2.2112213149067346
2023-08-08,2.1924266932617464
2023-08-09,2.1713355149059166
2023-08-10,2.1695156163413962
2023-08-11,2.150082255560787
2023-08-14,2.177476563592589
2023-08-15,2.1601271343918977
2023-08-16,2.13895035165029
2023-08-17,2.1247886505323605
2023-08-18,2.124951267935457
2023-08-21,2.1540369903063032
2023-08-22,2.148584226719393
2023-08-23,2.177028942108798
2023-08-24,2.1452718035136757
2023-08-25,2.1525831203074524
2023-08-28,2.1641558477115703
2023-08-29,2.197969893648582
2023-08-30,2.2055899864125794
2023-08-31,2.2099022984061856
2023-09-01,2.2092861508830848
2023-09-05,2.209405084293234
2023-09-06,2.1930956452227877
2023-09-07,2.172774592641555
2023-09-08,2.1712990588764467
2023-09-11,2.184339911318984
2023-09-12,2.1678704387033725
2023-09-13,2.176278144164249
2023-09-14,2.186270290159502
2023-09-15,2.152901429212016
2023-09-18,2.157021176073758
2023-09-19,2.149647836596175
2023-09-20,2.127649232277083
2023-09-21,2.0954858093985105
2023-09-22,2.100309460899434
2023-09-25,2.1054640201094696
2023-09-26,2.080617123570871
2023-09-27,2.0839268917930753
2023-09-28,2.0954089483834206
2023-09-29,2.0992026639072883
2023-10-02,2.1082099771359517
2023-10-03,2.0766589381420655
2023-10-04,2.0982059400723347
2023-10-05,2.0955837983776044
2023-10-06,2.1209684067655483
2023-10-09,2.1297051742080746
2023-10-10,2.140512428961161
2023-10-11,2.155947513572653
2023-10-12,2.1538428416686055
2023-10-13,2.135046739023922
2023-10-16,2.148289934171598
2023-10-17,2.137254040040161
2023-10-18,2.115310635826849
2023-10-19,2.1044569615716413
2023-10-20,2.0829522662925886
2023-10-23,2.0874211498424025
2023-10-24,2.101990427050316
2023-10-25,2.060623347136199
2023-10-26,2.0405174095260206
2023-10-27,2.0496581365515905
2023-10-30,2.0559239040168564
2023-10-31,2.0621368122145234
2023-11-01,2.0862390829018884
2023-11-02,2.1128060032766216
2023-11-03,2.1349973360801866
2023-11-06,2.136038139249581
2023-11-07,2.144020217071573
2023-11-08,2.1443079377490823
2023-11-09,2.138656966049566
2023-11-10,2.170155708743932
2023-11-13,2.1669618164134334
2023-11-14,2.1998599481097627
2023-11-15,2.1998689792407657
2023-11-16,2.205854793338377
2023-11-17,2.20891184622198
2023-11-20,2.2241030492110365
2023-11-21,2.215946474364864
2023-11-22,2.2168670709857774
2023-11-24,2.215834673761416
2023-11-27,2.217506531780878
2023-11-28,2.220748178020751
2023-11-29,2.227187314641447
2023-11-30,2.2172150150409466
2023-12-01,2.2291194049166703
2023-12-04,2.207893125240124
2023-12-05,2.2081345408561064
2023-12-06,2.2039953949453874
2023-12-07,2.2237590761936223
2023-12-08,2.224360574762148
2023-12-11,2.2379694650584683
2023-12-12,2.247541680079441
2023-12-13,2.27156504389646
2023-12-14,2.286291823956945
2023-12-15,2.2875155001370113
2023-12-18,2.2945478518151705
2023-12-19,2.301922768823818
2023-12-20,2.274129317609067
2023-12-21,2.2983720105640675
2023-12-22,2.3012866645136127
2023-12-26,2.3180471425857077
2023-12-27,2.3249752967504076
2023-12-28,2.3203202309633535
2023-12-29,2.312263504919844
2024-01-02,2.273634034235233
2024-01-03,2.251287792499867
2024-01-04,2.2451996849283957
2024-01-05,2.249975604699762
2024-01-08,2.2822894478538562
2024-01-09,2.2868000792590673
2024-01-10,2.290540510100211
2024-01-11,2.295630680586353
2024-01-12,2.299392634003435
2024-01-16,2.3055603190575193
2024-01-17,2.2889267999648815
2024-01-18,2.326624376726666
2024-01-19,2.3694889115958992
2024-01-22,2.3707629587010013
2024-01-23,2.380207251612525
2024-01-24,2.392357875906847
2024-01-25,2.3972573195541225
2024-01-26,2.377145708941298
2024-01-29,2.39724011992049
2024-01-30,2.3877306484282474
2024-01-31,2.367492210970628
2024-02-01,2.3890205911783506
2024-02-02,2.4035097901535223
2024-02-05,2.4091091488468424
2024-02-06,2.4051016025325667
2024-02-07,2.4258213562878836
2024-02-08,2.4371330755496334
2024-02-09,2.4574125216533313
2024-02-12,2.452280284596663
2024-02-13,2.417320200663059
2024-02-14,2.4406603542831653
2024-02-15,2.4442124656568014
2024-02-16,2.436731164038995
2024-02-20,2.4214530008547026
2024-02-21,2.4147168376717256
2024-02-22,2.4831539372039084
2024-02-23,2.4805590100952597
2024-02-26,2.4846888718279523
2024-02-27,2.483428605474543
2024-02-28,2.474970587103964
2024-02-29,2.4962980309832483
2024-03-01,2.542630222845265
2024-03-04,2.5548494477559025
2024-03-05,2.5359011690475195
2024-03-06,2.560253123196316
2024-03-07,2.5969762702252996
2024-03-08,2.5665227626634195
2024-03-11,2.5548551534290147
2024-03-12,2.577447265226733
2024-03-13,2.5647638535602426
2024-03-14,2.5505314028048742
2024-03-15,2.536276259977683
2024-03-18,2.5449547304563995
2024-03-19,2.5459926971187348
2024-03-20,2.5690676172966094
2024-03-21,2.5842706499222268
2024-03-22,2.5853655693840625
2024-03-25,2.5823298682822395
2024-03-26,2.5761313157090826
2024-03-27,2.5819145834618955
2024-03-28,2.586803362497896
2024-04-01,2.59986720691324
2024-04-02,2.590834927367775
2024-04-03,2.5981826402142016
2024-04-04,2.5677674244559383
2024-04-05,2.589701288838493
2024-04-08,2.5950636139617287
2024-04-09,2.60385647048866
2024-04-10,2.584111217760234
2024-04-11,2.6178105823612094
2024-04-12,2.5845213438473427
2024-04-15,2.57209266961969
2024-04-16,2.5768765965624896
2024-04-17,2.549427421147435
2024-04-18,2.5369672236641474
2024-04-19,2.5011432828212166
2024-04-22,2.5071834366648282
2024-04-23,2.528352824079027
2024-04-24,2.5307030258517624
2024-04-25,2.5392591982649018
2024-04-26,2.5657230584785444
2024-04-29,2.5705214713649807
2024-04-30,2.534433079657003
2024-05-01,2.5163523230258558
2024-05-02,2.5374326814086454
2024-05-03,2.571738464566177
2024-05-06,2.5999979513059666
2024-05-07,2.5939077893442413
2024-05-08,2.594298898984652
2024-05-09,2.6001601189560346
2024-05-10,2.6157442571430374
2024-05-13,2.611903252055919
2024-05-14,2.632788953886149
2024-05-15,2.6732535729736773
2024-05-16,2.6654303015913228
2024-05-17,2.6669757464403068
2024-05-20,2.6871852136131054
2024-05-21,2.6876027114035983
2024-05-22,2.6817947884814095
2024-05-23,2.6744553976799
2024-05-24,2.6947895385857974
2024-05-28,2.7172054891662336
2024-05-29,2.695042958245266
2024-05-30,2.678634748037475
2024-05-31,2.6701087916982096
2024-06-03,2.686113415742189
2024-06-04,2.6828029270778173
2024-06-05,2.7399363595144117
2024-06-06,2.739343597996346
2024-06-07,2.7185510664576906
2024-06-10,2.7353903993559614
2024-06-11,2.7430359263460633
2024-06-12,2.7767496061587673
2024-06-13,2.7875447722249853
2024-06-14,2.802100928347756
2024-06-17,2.8218754510572626
2024-06-18,2.8356616096364555
2024-06-20,2.8143567264444123
2024-06-21,2.790959512072016
2024-06-24,2.7588180435952725
2024-06-25,2.782155328832657
2024-06-26,2.7768225860286986
2024-06-27,2.7807036651565573
2024-06-28,2.7782444698485724
2024-07-01,2.78769379034275
2024-07-02,2.8065938089054776
2024-07-03,2.8409099162730085
2024-07-05,2.862071387172389
2024-07-08,2.869182383421097
2024-07-09,2.872288787814372
2024-07-10,2.9041761928584258
2024-07-11,2.8639332901601517
2024-07-12,2.878678533465492
2024-07-15,2.8817150900278365
2024-07-16,2.8952974474469433
2024-07-17,2.806885398809353
2024-07-18,2.8020219984437373
2024-07-19,2.767117711060136
2024-07-22,2.800780487103555
2024-07-23,2.7929819199594514
2024-07-24,2.729904927289112
2024-07-25,2.7065038745193384
2024-07-26,2.726728250588289
2024-07-29,2.7247920808695256
2024-07-30,2.7004544889192843
2024-07-31,2.765441511767464
2024-08-01,2.723762310297017
2024-08-02,2.6885752731795325
2024-08-05,2.657630473614081
2024-08-06,2.6663309217160767
2024-08-07,2.6484170929764574
2024-08-08,2.6941868856125515
2024-08-09,2.6981027939917355
2024-08-12,2.708064825876919
2024-08-13,2.7360811584722446
2024-08-14,2.7342445072830803
2024-08-15,2.7631938961102986
2024-08-16,2.770998095166076
2024-08-19,2.7844576721485037
2024-08-20,2.780312834580178
2024-08-21,2.7860560806910004
2024-08-22,2.761588981034672
2024-08-23,2.7799463369289295
2024-08-26,2.767402268941137
2024-08-27,2.7727776325387814
2024-08-28,2.7584782823110654
2024-08-29,2.754813224014578
2024-08-30,2.766787182641693
2024-09-03,2.7247269689748723
2024-09-04,2.7235134371645517
2024-09-05,2.7260516573109825
2024-09-06,2.6970424646607167
2024-09-09,2.711449344567527
2024-09-10,2.7206205303862805
2024-09-11,2.746768270209478
2024-09-12,2.757588682121718
2024-09-13,2.7667108392261537
2024-09-16,2.760534247421909
2024-09-17,2.7590585752383685
2024-09-18,2.75046995907835
2024-09-19,2.782614366880793
2024-09-20,2.781123072504716
2024-09-23,2.7836906432289195
2024-09-24,2.7969295824997045
2024-09-25,2.8001815800170022
2024-09-26,2.8156918107589273
2024-09-27,2.8031308337597616
2024-09-30,2.7988226593900194
2024-10-01,2.7836505834237575
2024-10-02,2.7908810020444728
2024-10-03,2.7931678335836536
2024-10-04,2.805024157548064
2024-10-07,2.794576754449856
2024-10-08,2.810898917352912
2024-10-09,2.818570053648994
2024-10-10,2.8205274732265924
2024-10-11,2.829479178094268
2024-10-14,2.843347273796423
2024-10-15,2.8100810660641975
2024-10-16,2.812906885655122
2024-10-17,2.823371585498952
2024-10-18,2.8329479448865813
2024-10-21,2.8355450933364756
2024-10-22,2.837963207163582
2024-10-23,2.8116790507881855
2024-10-24,2.824064439002315
2024-10-25,2.8360865212858664
2024-10-28,2.8333251037226552
2024-10-29,2.8572667215843097
2024-10-30,2.8386421160263913
2024-10-31,2.7867197070925505
2024-11-01,2.798058414397611
2024-11-04,2.794918220020472
2024-11-05,2.8199506656433133
2024-11-06,2.8435529743633645
2024-11-07,2.886256629451889
2024-11-08,2.8820415090084737
2024-11-11,2.8545078211273074
2024-11-12,2.8436451826367724
2024-11-13,2.8270542008158257
2024-11-14,2.8191574979731895
2024-11-15,2.7703028454136587
2024-11-18,2.792262957796567
2024-11-19,2.8107869175909137
2024-11-20,2.8094711881770693
2024-11-21,2.8263508474217964
2024-11-22,2.8318501797524345
2024-11-25,2.815423028156859
2024-11-26,2.8168131714948625
2024-11-27,2.801538211372609
2024-11-29,2.8262052600915615
2024-12-02,2.847829641952862
2024-12-03,2.853281587093973
2024-12-04,2.8794366854772684
2024-12-05,2.8618421119113133
2024-12-06,2.872521431186425
2024-12-09,2.8630509257273444
2024-12-10,2.851249778782157
2024-12-11,2.890463384510411
2024-12-12,2.8680627553958176
2024-12-13,2.883039629552459
2024-12-16,2.909773787391846
2024-12-17,2.8943621333360383
2024-12-18,2.8241700499454816
2024-12-19,2.811228410130079
2024-12-20,2.833828762570877
2024-12-23,2.8562936565368298
2024-12-24,2.8746740298699334
2024-12-26,2.8768293905920834
2024-12-27,2.8548122699283844
2024-12-30,2.8340257627506498
2024-12-31,2.8232026301351825
2025-01-02,2.834219875309264
2025-01-03,2.862897307093106
2025-01-06,2.892336771490976
2025-01-07,2.8632915957450384
2025-01-08,2.8616709507967664
2025-01-10,2.8423578963852205
2025-01-13,2.823161601850453
2025-01-14,2.8263545868352558
2025-01-15,2.868060495533995
2025-01-16,2.867337012754646
2025-01-17,2.896064559579729
2025-01-21,2.9196566122778034
2025-01-22,2.94715458045459
2025-01-23,2.947700095467609
2025-01-24,2.9341052025854752
2025-01-27,2.84340966705732
2025-01-28,2.868791401007355
2025-01-29,2.863582338525275
2025-01-30,2.88419523789726
2025-01-31,2.8801323893248454
2025-02-03,2.870371230153215
2025-02-04,2.8898216707443702
2025-02-05,2.9047717454803372
2025-02-06,2.9096424742445777
2025-02-07,2.894367933811668
2025-02-10,2.9182766269554063
2025-02-11,2.9144099317713086
2025-02-12,2.912103689451961
2025-02-13,2.9353108870393814
2025-02-14,2.9331768315214735
2025-02-18,2.946759937797157
2025-02-19,2.9489107891158164
2025-02-20,2.945641911845947
2025-02-21,2.914643419139134
2025-02-24,2.8965160476533587
2025-02-25,2.8713281724223925
2025-02-26,2.8822861130178246
2025-02-27,2.8280177881220454
2025-02-28,2.844377829953568
2025-03-03,2.821621857203841
2025-03-04,2.822361576778395
2025-03-05,2.8382287341453614
2025-03-06,2.8023944493178217
2025-03-07,2.813292451351583
2025-03-10,2.7666995670107224
2025-03-11,2.7668540923753846
2025-03-12,2.782770862088762
2025-03-13,2.773865701176707
2025-03-14,2.800546664250808
2025-03-17,2.811063555587875
2025-03-18,2.799154253661905
2025-03-19,2.8135893738216997
2025-03-20,2.810351699333485
2025-03-21,2.8074016834345716
2025-03-24,2.8282142567442317
2025-03-25,2.833133965253924
2025-03-26,2.803030447688753
2025-03-27,2.798021331245625
2025-03-28,2.7706675036084887
2025-03-31,2.7766010711725473
2025-04-01,2.7830320552615313
2025-04-02,2.7903550067348744
2025-04-03,2.73494349664014
2025-04-04,2.6672529485052383
2025-04-07,2.6506264735680234
2025-04-08,2.635912548300472
2025-04-09,2.7510553339477757
2025-04-10,2.7398929647133023
2025-04-11,2.758831273434219
2025-04-14,2.759482267686471
2025-04-15,2.763797892073332
2025-04-16,2.7634054341819305
2025-04-17,2.760234382735274
2025-04-21,2.7624684863215885
2025-04-22,2.768172437024759
2025-04-23,2.770070991099132
2025-04-24,2.7959039349718466
2025-04-25,2.7967220883808
2025-04-28,2.803453606926005
2025-04-29,2.8017188831410182
2025-04-30,2.7985162352562662
2025-05-01,2.7884659742825346
2025-05-02,2.796755315228331
2025-05-05,2.814277948852916
2025-05-06,2.8306864288277156
2025-05-07,2.823194094649328
2025-05-08,2.8127596184135246
2025-05-09,2.817682733833539
2025-05-12,2.8161065139774597
2025-05-13,2.827059602820522
2025-05-14,2.8144798537830606
2025-05-15,2.826621738137867
2025-05-16,2.819648144973746
2025-05-19,2.8284473616784336
2025-05-20,2.840592685549402
2025-05-21,2.839262008610637
2025-05-22,2.833489658231876
2025-05-23,2.8453042530326638
2025-05-27,2.844186566812133
2025-05-28,2.8400217897625923
2025-05-29,2.8454405207141162
2025-05-30,2.8383685228417774
2025-06-02,2.8614100074057327
2025-06-03,2.859574657105466
2025-06-04,2.867458198516193
2025-06-05,2.859440920313851
2025-06-06,2.851845590702007
2025-06-09,2.864067249099058
2025-06-10,2.8736642093689255
2025-06-11,2.879837791120115
2025-06-12,2.904540416903569
2025-06-13,2.911242780610352
2025-06-16,2.9031650398350237
2025-06-17,2.8953215541985418
2025-06-18,2.886387994951862
2025-06-20,2.880931246917568
2025-06-23,2.8954793243621793
2025-06-24,2.8871519929840757
2025-06-25,2.8976669406111557
2025-06-26,2.9056128820443012
2025-06-27,2.875512465876176
2025-06-30,2.902518369426014
2025-07-01,2.9046816135498195
2025-07-02,2.926078764336355
2025-07-03,2.9265476998653304
2025-07-07,2.914981725289986
2025-07-08,2.9021290909531006
2025-07-09,2.9187340822422074
2025-07-10,2.925572904949268
2025-07-11,2.9381229601000127
2025-07-14,2.9314338117262686
2025-07-15,2.9309210148567044
2025-07-16,2.936874790631685
2025-07-17,2.9419735092528185
2025-07-18,2.944241387893404
2025-07-21,2.982765923449396
2025-07-22,2.9889007631168205
2025-07-23,2.969811221978932
2025-07-24,2.962234332865502
2025-07-25,2.9441340516031476
2025-07-28,2.9412877596747102
2025-07-29,2.949480696612549
2025-07-30,2.9183383349674026
2025-07-31,2.9136894126122885
2025-08-01,2.9096894458193874
2025-08-04,2.9721340796753695
2025-08-05,2.9531988535392166
2025-08-06,2.968795615030943
2025-08-07,3.00446311992302
2025-08-08,3.0261287420102128
2025-08-11,2.9916858395483077
2025-08-12,3.029308487201643
2025-08-13,3.040267789334856
2025-08-14,3.0261697277873023
2025-08-15,3.00314902436367
2025-08-18,3.001839397754726
2025-08-19,2.951357881772847
2025-08-20,2.955865015030075
2025-08-21,2.9381353758236926
2025-08-22,2.9985136352964386
2025-08-25,2.9903413596303743
2025-08-26,3.016322508801806
2025-08-27,3.0249724086867795
2025-08-28,3.0514109128505478
2025-08-29,3.0288390820920594
2025-09-02,3.0514296078301237
2025-09-03,3.0789090806730357
2025-09-04,3.0955255298149966
2025-09-05,3.1346980218172615
2025-09-08,3.1754118027518845
2025-09-09,3.1792312713252406
2025-09-10,3.195748860144396
2025-09-11,3.2108333332113745
2025-09-12,3.221956938590289
2025-09-15,3.2618746579624425
2025-09-16,3.265340900697705
2025-09-17,3.2421985773768456
2025-09-18,3.2769915148644024
2025-09-19,3.3036805842220347
2025-09-22,3.3608147255585084
2025-09-23,3.356784790563559
2025-09-24,3.3326555906050808
2025-09-25,3.3332284490718953
2025-09-26,3.3519664723556026
2025-09-29,3.3928657166602605
2025-09-30,3.4207097838554983
2025-10-01,3.451711439687217
2025-10-02,3.465165287040064
2025-10-03,3.46702725612638
2025-10-06,3.531328908496283
2025-10-07,3.5161259130904536
2025-10-08,3.5868821475805857
2025-10-09,3.550496911883819
2025-10-10,3.464375104510475
2025-10-13,3.558672944228329
2025-10-14,3.5483959979023245
2025-10-15,3.594850090148981
2025-10-16,3.6228095021734705
2025-10-17,3.607202465851743
2025-10-20,3.677896953649569
2025-10-21,3.596835159614394
2025-10-22,3.5742076479803617
2025-10-23,3.5969038423864874
2025-10-24,3.6153302449443734
2025-10-27,3.618868048704566
2025-10-28,3.624504598158092
2025-10-29,3.6329134845134914
2025-10-30,3.6289159793081844
2025-10-31,3.627848023822155
2025-11-03,3.639848944348318
2025-11-04,3.5769829752441527
2025-11-05,3.6035916060578086
2025-11-06,3.5712336878836757
2025-11-07,3.5678719505349545
2025-11-10,3.630288744595322
2025-11-11,3.621401030727953
2025-11-12,3.6393589243794144
2025-11-13,3.5957444355774917
2025-11-14,3.581080322210356
2025-11-17,3.5581846559480734
2025-11-18,3.5429402011593205
2025-11-19,3.5576499467345872
2025-11-20,3.514994497998585
2025-11-21,3.522186404373982
2025-11-24,3.576032841619876
2025-11-25,3.582143162195273
2025-11-26,3.6067455197589875
2025-11-28,3.6278839195415244
2025-12-01,3.6281008391068323
2025-12-02,3.6380418608239076
2025-12-03,3.645784566916732
2025-12-04,3.6425701605546132
2025-12-05,3.6484421698216356
2025-12-08,3.64992639819399
2025-12-09,3.6551746801595253
2025-12-10,3.6709644116802256
2025-12-11,3.6722009683267616
2025-12-12,3.631658903448601
2025-12-15,3.62621502143025
2025-12-16,3.6274531910776893
2025-12-17,3.5948703913232176
2025-12-18,3.62303372982464
2025-12-19,3.65444538652949
2025-12-22,3.6875520290921777
2025-12-23,3.7102365575502003
2025-12-24,3.71190941625406
2025-12-26,3.7237067123993195
2025-12-29,3.674505451648064
2025-12-30,3.672250133440681
2025-12-31,3.6534047750413943
2026-01-02,3.676790051966324
2026-01-05,3.7181682419783733
2026-01-06,3.7571155246573467
2026-01-07,3.746189905878011
2026-01-08,3.7327272415705837
2026-01-09,3.7724226839362665
2026-01-12,3.793829770305624
2026-01-13,3.791257777260032
2026-01-14,3.782597908419351
2026-01-15,3.796235728821983
2026-01-16,3.7965258203697125
2026-01-20,3.7825663000120247
2026-01-21,3.8409003123595755
2026-01-22,3.8752427539838696
2026-01-23,3.888861747249015
2026-01-26,3.911373036731902
2026-01-27,3.974602418873805
2026-01-28,4.044296430894561
2026-01-29,4.040072828385338
2026-01-30,3.874975203127669
2026-02-02,3.85498060490314
